"","subject","site"
"1","E0301001",301
"2","E0301002",301
"3","E0301003",301
"4","E0301004",301
"5","E0302001",302
"6","E0302002",302
"7","E0302003",302
"8","E0303001",303
"9","E0303002",303
"10","E0303003",303
"11","E0303004",303
"12","E0303005",303
"13","E0303006",303
"14","E0303007",303
"15","E0303008",303
"16","E0304001",304
"17","E0304002",304
"18","E0304003",304
"19","E0304004",304
"20","E0304005",304
"21","E0304006",304
"22","E0304007",304
"23","E0304008",304
"24","E0304009",304
"25","E0304010",304
"26","E0305001",305
"27","E0305002",305
"28","E0305003",305
"29","E0305004",305
"30","E0305005",305
"31","E0305006",305
"32","E0305007",305
"33","E0305008",305
"34","E0305009",305
"35","E0305010",305
"36","E0305011",305
"37","E0305012",305
"38","E0305013",305
"39","E0305014",305
"40","E0306001",306
"41","E0306002",306
"42","E0306003",306
"43","E0306004",306
"44","E0306005",306
"45","E0306006",306
"46","E0306007",306
"47","E0306008",306
"48","E0306009",306
"49","E0307001",307
"50","E0307002",307
"51","E0307003",307
"52","E0307004",307
"53","E0307005",307
"54","E0307006",307
"55","E0307007",307
"56","E0307008",307
"57","E0307009",307
"58","E0307010",307
"59","E0308001",308
"60","E0308002",308
"61","E0308003",308
"62","E0308004",308
"63","E0308005",308
"64","E0308006",308
"65","E0308007",308
"66","E0401002",401
"67","E0401003",401
"68","E0401004",401
"69","E0401005",401
"70","E0401006",401
"71","E0401007",401
"72","E0401008",401
"73","E0402001",402
"74","E0402002",402
"75","E0403001",403
"76","E0403002",403
"77","E0404001",404
"78","E0404002",404
"79","E0404003",404
"80","E0404004",404
"81","E0404005",404
"82","E0404006",404
"83","E0404007",404
"84","E0404008",404
"85","E0405001",405
"86","E0405002",405
"87","E0405003",405
"88","E0405004",405
"89","E0405005",405
"90","E0501001",501
"91","E0501002",501
"92","E0501003",501
"93","E0501004",501
"94","E0501005",501
"95","E0501006",501
"96","E0503001",503
"97","E0503002",503
"98","E0503003",503
"99","E0503004",503
"100","E0503005",503
"101","E0503006",503
"102","E0504001",504
"103","E0504002",504
"104","E0504003",504
"105","E0504004",504
"106","E0504005",504
"107","E0504006",504
"108","E0504007",504
"109","E0504008",504
"110","E0504009",504
"111","E0504010",504
"112","E0504011",504
"113","E0504012",504
"114","E0504013",504
"115","E0504014",504
"116","E0505001",505
"117","E1001001",1001
"118","E1001002",1001
"119","E1001003",1001
"120","E1001004",1001
"121","E1001005",1001
"122","E1001006",1001
"123","E1001007",1001
"124","E1001008",1001
"125","E1001009",1001
"126","E1001010",1001
"127","E1001011",1001
"128","E1001012",1001
"129","E1001013",1001
"130","E1002001",1002
"131","E1002002",1002
"132","E1002003",1002
"133","E1002004",1002
"134","E1002005",1002
"135","E1003001",1003
"136","E1003002",1003
"137","E1003003",1003
"138","E1003004",1003
"139","E1005001",1005
"140","E1005002",1005
"141","E1005003",1005
"142","E1005004",1005
"143","E1005005",1005
"144","E1005006",1005
"145","E1005007",1005
"146","E1005008",1005
"147","E1005009",1005
"148","E1005010",1005
"149","E1005011",1005
"150","E1009001",1009
"151","E1009002",1009
"152","E1009003",1009
"153","E1009004",1009
"154","E2301001",2301
"155","E2301002",2301
"156","E2301003",2301
"157","E2301004",2301
"158","E2302001",2302
"159","E2302002",2302
"160","E2302003",2302
"161","E2303001",2303
"162","E2303002",2303
"163","E2303003",2303
"164","E2303004",2303
"165","E2303005",2303
"166","E2304001",2304
"167","E2304002",2304
"168","E2304003",2304
"169","E2305001",2305
"170","E2305002",2305
"171","E2305003",2305
"172","E2305004",2305
"173","E2305005",2305
"174","E2305006",2305
"175","E2305007",2305
"176","E2305008",2305
"177","E2306001",2306
"178","E2306002",2306
"179","E2306003",2306
"180","E2306004",2306
"181","E2306005",2306
"182","E2306006",2306
"183","E2306007",2306
"184","E2307001",2307
"185","E2308001",2308
"186","E2308002",2308
"187","E2308003",2308
"188","E2308004",2308
"189","E2601001",2601
"190","E2601002",2601
"191","E2601003",2601
"192","E2601004",2601
"193","E2601005",2601
"194","E2601006",2601
"195","E2601007",2601
"196","E2602001",2602
"197","E2602002",2602
"198","E2602003",2602
"199","E2602004",2602
"200","E2602005",2602
"201","E2602006",2602
"202","E2603001",2603
"203","E2603002",2603
"204","E2603003",2603
"205","E2603004",2603
"206","E2603005",2603
"207","E2603006",2603
"208","E2603007",2603
"209","E2604001",2604
"210","E2604002",2604
"211","E2604003",2604
"212","E2604004",2604
"213","E2604005",2604
"214","E2604006",2604
"215","E2604007",2604
"216","E2604008",2604
"217","E2604009",2604
"218","E2605001",2605
"219","E2605002",2605
"220","E2605003",2605
"221","E2605004",2605
"222","E2606001",2606
"223","E2606002",2606
"224","E2606003",2606
"225","E2606004",2606
"226","E2608001",2608
"227","E2608002",2608
"228","E2609001",2609
"229","E2609002",2609
"230","E2610001",2610
"231","E2610002",2610
"232","E2610003",2610
"233","E2610004",2610
"234","E2610005",2610
"235","E2610006",2610
"236","E2610007",2610
"237","E2610008",2610
"238","E2611001",2611
"239","E2611002",2611
"240","E2611003",2611
"241","E2611004",2611
"242","E2612001",2612
"243","E2612002",2612
"244","E2612003",2612
"245","E2612005",2612
"246","E2612006",2612
"247","E2612007",2612
"248","E2612008",2612
"249","E2612009",2612
"250","E2613001",2613
"251","E2613002",2613
"252","E2613003",2613
"253","E2613004",2613
"254","E2613005",2613
"255","E2613006",2613
"256","E2613007",2613
"257","E2613008",2613
"258","E2613009",2613
"259","E2613010",2613
"260","E2618001",2618
"261","E2618002",2618
"262","E2801001",2801
"263","E2801002",2801
"264","E2801003",2801
"265","E2801004",2801
"266","E2801005",2801
"267","E2801006",2801
"268","E2801007",2801
"269","E2801008",2801
"270","E2801009",2801
"271","E2802001",2802
"272","E2802002",2802
"273","E2803001",2803
"274","E2803003",2803
"275","E2803004",2803
"276","E2803005",2803
"277","E2803006",2803
"278","E2803007",2803
"279","E2803008",2803
"280","E2803009",2803
"281","E2803010",2803
"282","E2803011",2803
"283","E2803012",2803
"284","E2803013",2803
"285","E2803014",2803
"286","E2803015",2803
"287","E2803016",2803
"288","E2803017",2803
"289","E2804001",2804
"290","E2804002",2804
"291","E2804003",2804
"292","E2804004",2804
"293","E2804005",2804
"294","E2804006",2804
"295","E2805001",2805
"296","E2805002",2805
"297","E2805003",2805
"298","E2805004",2805
"299","E2805005",2805
"300","E2805006",2805
"301","E2805007",2805
"302","E2805008",2805
"303","E2807001",2807
"304","E2807002",2807
"305","E2807003",2807
"306","E2807004",2807
"307","E2807005",2807
"308","E2807006",2807
"309","E2807007",2807
"310","E2807008",2807
"311","E2807009",2807
"312","E2807010",2807
"313","E2807011",2807
"314","E2807012",2807
"315","E2807013",2807
"316","E2807014",2807
"317","E2808001",2808
"318","E2808002",2808
"319","E2808003",2808
"320","E2808004",2808
"321","E2808005",2808
"322","E2808006",2808
"323","E2808007",2808
"324","E2808008",2808
"325","E2808009",2808
"326","E2808010",2808
"327","E2808011",2808
"328","E2808012",2808
"329","E2808013",2808
"330","E2808014",2808
"331","E2808015",2808
"332","E2809001",2809
"333","E2809002",2809
"334","E2809003",2809
"335","E2809004",2809
"336","E2809005",2809
"337","E2809006",2809
"338","E2809007",2809
"339","E2809008",2809
"340","E2809009",2809
"341","E2809010",2809
"342","E2809011",2809
"343","E2809012",2809
"344","E2811001",2811
"345","E2811002",2811
"346","E2811003",2811
"347","E4301001",4301
"348","E4301002",4301
"349","E4301003",4301
"350","E4302001",4302
"351","E4302002",4302
"352","E4302003",4302
"353","E4302004",4302
"354","E4302005",4302
"355","E4302006",4302
"356","E4302007",4302
"357","E4302008",4302
"358","E4302009",4302
"359","E4302010",4302
"360","E4303001",4303
"361","E4303002",4303
"362","E4303003",4303
"363","E4303004",4303
"364","E4303005",4303
"365","E4303006",4303
"366","E4304001",4304
"367","E4304002",4304
"368","E4304003",4304
"369","E4304004",4304
"370","E4304005",4304
"371","E4304006",4304
"372","E4304007",4304
"373","E4304008",4304
"374","E4304009",4304
"375","E4304010",4304
"376","E4304011",4304
"377","E4304012",4304
"378","E4304013",4304
"379","E4304014",4304
"380","E4304015",4304
"381","E4304016",4304
"382","E4304017",4304
"383","E4304018",4304
"384","E4304019",4304
"385","E4305001",4305
"386","E4305002",4305
"387","E4305003",4305
"388","E4305004",4305
"389","E4305005",4305
"390","E4306001",4306
"391","E4306002",4306
"392","E4306003",4306
"393","E4306004",4306
"394","E4306005",4306
"395","E4306006",4306
"396","E4306007",4306
"397","E4306008",4306
"398","E4307001",4307
"399","E4307002",4307
"400","E4307003",4307
"401","E4307004",4307
"402","E4307005",4307
"403","E4307006",4307
"404","E4307007",4307
"405","E4307008",4307
"406","E4307009",4307
"407","E4307010",4307
"408","E4307011",4307
"409","E4307012",4307
"410","E4307013",4307
"411","E4307014",4307
"412","E4308001",4308
"413","E4308002",4308
"414","E4308003",4308
"415","E4308004",4308
"416","E4308005",4308
"417","E4308006",4308
"418","E4308007",4308
"419","E4308008",4308
"420","E4308009",4308
"421","E4308010",4308
"422","E4309001",4309
"423","E4309002",4309
"424","E4309003",4309
"425","E4309004",4309
"426","E4310001",4310
"427","E4310002",4310
"428","E4310003",4310
"429","E4310004",4310
"430","E4310005",4310
"431","E4310006",4310
"432","E4310007",4310
"433","E4310008",4310
"434","E4310009",4310
"435","E4310010",4310
"436","E4310011",4310
"437","E4310012",4310
"438","E4310013",4310
"439","E4310014",4310
"440","E4310015",4310
"441","E4311001",4311
"442","E4311002",4311
"443","E4311003",4311
"444","E4311004",4311
"445","E4311005",4311
"446","E4311006",4311
"447","E4312001",4312
"448","E4312002",4312
"449","E4312003",4312
"450","E4312004",4312
"451","E4312005",4312
"452","E4312006",4312
"453","E4312007",4312
"454","E4313001",4313
"455","E4313002",4313
"456","E4313003",4313
"457","E4313004",4313
"458","E4313005",4313
"459","E4313006",4313
"460","E4313007",4313
"461","E4313008",4313
"462","E4313009",4313
"463","E4313010",4313
"464","E4313011",4313
"465","E4314001",4314
"466","E4314002",4314
"467","E4314003",4314
"468","E4314004",4314
"469","E4314005",4314
"470","E4314006",4314
"471","E4314007",4314
"472","E4314008",4314
"473","E4314009",4314
"474","E4315001",4315
"475","E4315002",4315
"476","E4315003",4315
"477","E4315004",4315
"478","E4315005",4315
"479","E4315006",4315
"480","E4316001",4316
"481","E4316002",4316
"482","E4316003",4316
"483","E4316004",4316
"484","E4316005",4316
"485","E4316006",4316
"486","E4316007",4316
"487","E4316008",4316
"488","E4316009",4316
"489","E4317001",4317
"490","E4317002",4317
"491","E4317003",4317
"492","E4317004",4317
"493","E4317005",4317
"494","E4317006",4317
"495","E4317007",4317
"496","E4317008",4317
"497","E4317009",4317
"498","E4317010",4317
"499","E4317011",4317
"500","E4317012",4317
"501","E4317013",4317
"502","E4317014",4317
"503","E4317015",4317
"504","E4317016",4317
"505","E4318001",4318
"506","E4318002",4318
"507","E4318004",4318
"508","E4318005",4318
"509","E4318006",4318
"510","E4318007",4318
"511","E4318008",4318
"512","E4319001",4319
"513","E4319002",4319
"514","E4319003",4319
"515","E4320001",4320
"516","E4320002",4320
"517","E4320003",4320
"518","E4320004",4320
"519","E4320005",4320
"520","E5001001",5001
"521","E5002001",5002
"522","E5002002",5002
"523","E5002003",5002
"524","E5002004",5002
"525","E5002005",5002
"526","E5005001",5005
"527","E5005002",5005
"528","E5005003",5005
"529","E5005004",5005
"530","E5005005",5005
"531","E5701001",5701
"532","E5701002",5701
"533","E5701003",5701
"534","E5701004",5701
"535","E5701005",5701
"536","E5701006",5701
"537","E5701007",5701
"538","E5701008",5701
"539","E5701009",5701
"540","E5701010",5701
"541","E5701011",5701
"542","E5701012",5701
"543","E5701013",5701
"544","E5701014",5701
"545","E5701015",5701
"546","E5701016",5701
"547","E5704001",5704
"548","E5704002",5704
"549","E5704003",5704
"550","E5704004",5704
"551","E5704005",5704
"552","E5705001",5705
"553","E5705002",5705
"554","E5705003",5705
"555","E5705004",5705
"556","E5705005",5705
"557","E5705006",5705
"558","E5705007",5705
"559","E5705008",5705
"560","E5705009",5705
"561","E5705010",5705
"562","E5705011",5705
"563","E5708001",5708
"564","E5708002",5708
"565","E5708003",5708
"566","E5708004",5708
"567","E5708005",5708
"568","E5708006",5708
"569","E5709001",5709
"570","E5709002",5709
"571","E5709003",5709
"572","E5709004",5709
"573","E5709005",5709
"574","E5709006",5709
"575","E5709007",5709
"576","E5709008",5709
"577","E5709009",5709
"578","E5709010",5709
"579","E5709011",5709
"580","E5709012",5709
"581","E5709013",5709
"582","E5711001",5711
"583","E5711002",5711
"584","E5711003",5711
"585","E5711004",5711
"586","E5711005",5711
"587","E5711006",5711
"588","E5711008",5711
"589","E5711009",5711
"590","E5711010",5711
"591","E5711011",5711
"592","E5711012",5711
"593","E5711013",5711
"594","E5711014",5711
"595","E5712001",5712
"596","E5712002",5712
"597","E5712003",5712
"598","E5712004",5712
"599","E5712005",5712
"600","E5712006",5712
"601","E5712007",5712
"602","E5712008",5712
"603","E5712009",5712
"604","E5712010",5712
"605","E5712011",5712
"606","E5712012",5712
"607","E5712013",5712
"608","E5712014",5712
"609","E5712015",5712
"610","E5712016",5712
"611","E5712017",5712
"612","E5712018",5712
"613","E5712019",5712
"614","E5712020",5712
"615","E5712021",5712
"616","E5712022",5712
"617","E5712023",5712
"618","E5712024",5712
"619","E5712025",5712
"620","E5712026",5712
"621","E5712027",5712
"622","E5712028",5712
"623","E5712029",5712
"624","E5712030",5712
"625","E5712031",5712
"626","E5712032",5712
"627","E5712033",5712
"628","E5712034",5712
"629","E5712035",5712
"630","E5712036",5712
"631","E5712037",5712
"632","E5712038",5712
"633","E5712039",5712
"634","E5712040",5712
"635","E5712041",5712
"636","E5712042",5712
"637","E5712043",5712
"638","E5712044",5712
"639","E5712045",5712
"640","E5712046",5712
"641","E5712047",5712
"642","E5712048",5712
"643","E5712049",5712
"644","E5712050",5712
"645","E5712051",5712
"646","E5712052",5712
"647","E5712053",5712
"648","E5712054",5712
"649","E5712055",5712
"650","E5712056",5712
"651","E5712057",5712
"652","E5712058",5712
"653","E5712059",5712
"654","E5712060",5712
"655","E5712061",5712
"656","E5712062",5712
"657","E5712063",5712
"658","E5712064",5712
"659","E5712065",5712
"660","E5712066",5712
"661","E5712067",5712
"662","E5712068",5712
"663","E5712069",5712
"664","E5712070",5712
"665","E5712071",5712
"666","E5712072",5712
"667","E5712073",5712
"668","E5713001",5713
"669","E5713002",5713
"670","E5713003",5713
"671","E5713004",5713
"672","E5713005",5713
"673","E5713006",5709
"674","E5713007",5709
"675","E5713008",5709
"676","E5713009",5713
"677","E5713010",5713
"678","E5713011",5713
"679","E5713012",5709
"680","E5713013",5713
"681","E5713014",5709
"682","E5713015",5709
"683","E5713016",5709
"684","E5713017",5709
"685","E5714001",5714
"686","E5714002",5714
"687","E5714003",5714
"688","E5714004",5714
"689","E5714005",5714
"690","E5714006",5714
"691","E5714007",5714
"692","E5714008",5714
"693","E5714009",5714
"694","E5720001",5720
"695","E5720002",5720
"696","E5720003",5720
"697","E5720004",5720
"698","E5720005",5720
"699","E5720006",5720
"700","E5720007",5720
"701","E5720008",5720
"702","E5720009",5720
"703","E5720010",5720
"704","E5720011",5720
"705","E5720012",5720
"706","E5720013",5720
"707","E5720014",5720
"708","E5720015",5720
"709","E5720016",5720
"710","E5720017",5720
"711","E5720018",5720
"712","E5720019",5720
"713","E5720020",5720
"714","E5720021",5720
"715","E5720022",5720
"716","E6201001",6201
"717","E6201002",6201
"718","E6201003",6201
"719","E6201004",6201
"720","E6201005",6201
"721","E6201006",6201
"722","E6201007",6201
"723","E6201008",6201
"724","E6201009",6201
"725","E6201010",6201
"726","E6201011",6201
"727","E6201012",6201
"728","E6201013",6201
"729","E6201014",6201
"730","E6201015",6201
"731","E6201016",6201
"732","E6201017",6201
"733","E6201018",6201
"734","E6201019",6201
"735","E6201020",6201
"736","E6201021",6201
"737","E6201022",6201
"738","E6201023",6201
"739","E6201024",6201
"740","E6201025",6201
"741","E6201026",6201
"742","E6201027",6201
"743","E6201028",6201
"744","E6201029",6201
"745","E6201030",6201
"746","E6201031",6201
"747","E6201032",6201
"748","E6202001",6202
"749","E6202002",6202
"750","E6202003",6202
"751","E6202004",6202
"752","E6202005",6202
"753","E6202006",6202
"754","E6202007",6202
"755","E6202008",6202
"756","E6202009",6202
"757","E6202010",6202
"758","E6202011",6202
"759","E6202012",6202
"760","E6202013",6202
"761","E6202014",6202
"762","E6202015",6202
"763","E6202016",6202
"764","E6202017",6202
"765","E6202018",6202
"766","E6202019",6202
"767","E6202020",6202
"768","E6202021",6202
"769","E6203001",6203
"770","E6203002",6201
"771","E6203003",6201
"772","E6203004",6201
"773","E6203005",6201
"774","E6203006",6203
"775","E6203007",6201
"776","E6203008",6216
"777","E6203009",6216
"778","E6205001",6205
"779","E6205002",6205
"780","E6205003",6205
"781","E6205004",6205
"782","E6205005",6205
"783","E6205006",6205
"784","E6205007",6205
"785","E6205008",6205
"786","E6205009",6205
"787","E6205010",6205
"788","E6205011",6205
"789","E6205012",6205
"790","E6205013",6205
"791","E6205014",6205
"792","E6205015",6205
"793","E6205016",6205
"794","E6205017",6205
"795","E6205018",6205
"796","E6205019",6205
"797","E6205020",6205
"798","E6205021",6205
"799","E6205022",6205
"800","E6206001",6206
"801","E6206002",6206
"802","E6206003",6206
"803","E6206004",6206
"804","E6206005",6206
"805","E6207001",6207
"806","E6207002",6207
"807","E6207003",6207
"808","E6207004",6207
"809","E6207005",6207
"810","E6207006",6207
"811","E6207007",6207
"812","E6207008",6207
"813","E6207009",6207
"814","E6207010",6207
"815","E6207011",6207
"816","E6207012",6207
"817","E6207013",6207
"818","E6209001",6209
"819","E6209002",6209
"820","E6209003",6209
"821","E6209004",6209
"822","E6210001",6210
"823","E6210002",6210
"824","E6210003",6210
"825","E6210004",6210
"826","E6210005",6210
"827","E6210006",6210
"828","E6210007",6210
"829","E6210008",6210
"830","E6210009",6210
"831","E6210010",6210
"832","E6210011",6210
"833","E6210012",6210
"834","E6210013",6210
"835","E6210014",6210
"836","E6210015",6210
"837","E6210016",6210
"838","E6210017",6210
"839","E6210020",6210
"840","E6210021",6210
"841","E6210022",6210
"842","E6210023",6210
"843","E6210024",6210
"844","E6210025",6210
"845","E6210026",6210
"846","E6210027",6210
"847","E6210028",6210
"848","E6212001",6212
"849","E6212002",6212
"850","E6212003",6212
"851","E6212004",6212
"852","E6212005",6212
"853","E6212006",6212
"854","E6212007",6212
"855","E6212008",6212
"856","E6212009",6212
"857","E6213001",6213
"858","E6213002",6213
"859","E6213003",6213
"860","E6213004",6213
"861","E6213005",6213
"862","E6213006",6213
"863","E6213007",6213
"864","E6213008",6213
"865","E6213009",6213
"866","E6214001",6214
"867","E6214002",6214
"868","E6214003",6214
"869","E6214004",6214
"870","E6214005",6214
"871","E6214006",6214
"872","E6214007",6214
"873","E6214008",6214
"874","E6214009",6214
"875","E6214010",6214
"876","E6214011",6214
"877","E6214012",6214
"878","E6214013",6214
"879","E6214014",6214
"880","E6214015",6214
"881","E6214016",6214
"882","E6214017",6214
"883","E6214018",6214
"884","E6214019",6214
"885","E6214020",6214
"886","E6214021",6214
"887","E6214022",6214
"888","E6214023",6214
"889","E6215001",6215
"890","E6215002",6215
"891","E6215003",6215
"892","E6215004",6215
"893","E6215005",6215
"894","E6215006",6215
"895","E6215007",6215
"896","E6215008",6215
"897","E6215009",6215
"898","E6215010",6215
"899","E6215011",6215
"900","E6215012",6215
"901","E6215013",6215
"902","E6215014",6215
"903","E6215015",6215
"904","E6216001",6216
"905","E6216002",6216
"906","E6216004",6216
"907","E6216005",6216
"908","E6216006",6216
"909","E6216007",6216
"910","E6216008",6216
"911","E6216009",6216
"912","E6216010",6216
"913","E6216011",6216
"914","E6216012",6216
"915","E6216013",6216
"916","E6216014",6216
"917","E6216015",6216
"918","E6216016",6216
"919","E6216017",6216
"920","E6216018",6216
"921","E6216019",6216
"922","E6216020",6216
"923","E6216021",6216
"924","E6216022",6216
"925","E6216023",6216
"926","E6216024",6216
"927","E6216025",6216
"928","E6216026",6216
"929","E6216027",6216
"930","E6216028",6216
"931","E6216029",6216
"932","E6216030",6216
"933","E6216031",6216
"934","E6216032",6216
"935","E6216033",6216
"936","E6217001",6217
"937","E6217002",6217
"938","E6217003",6217
"939","E6217004",6217
"940","E6217005",6217
"941","E6217006",6217
"942","E6217007",6217
"943","E6217008",6217
"944","E6217009",6217
"945","E6217010",6217
"946","E6217011",6217
"947","E6217012",6217
"948","E6217013",6217
"949","E6218001",6218
"950","E6218002",6218
"951","E6218003",6218
"952","E6218004",6218
"953","E6219001",6219
"954","E6219002",6219
"955","E6219003",6219
"956","E6219004",6219
"957","E6219005",6219
"958","E7001001",7001
"959","E7001002",7001
"960","E7001003",7001
"961","E7001004",7001
"962","E7001005",7001
"963","E7001006",7001
"964","E7001007",7001
"965","E7001008",7001
"966","E7001010",7001
"967","E7001011",7001
"968","E7001012",7001
"969","E7001013",7001
"970","E7001014",7001
"971","E7001015",7001
"972","E7001016",7001
"973","E7002001",7002
"974","E7002002",7002
"975","E7002003",7002
"976","E7002004",7002
"977","E7002005",7002
"978","E7002006",7002
"979","E7002007",7002
"980","E7002008",7002
"981","E7002009",7002
"982","E7002010",7002
"983","E7002011",7002
"984","E7002012",7002
"985","E7002013",7002
"986","E7002014",7002
"987","E7002015",7002
"988","E7002016",7002
"989","E7002017",7002
"990","E7002018",7002
"991","E7002019",7002
"992","E7002020",7002
"993","E7002021",7002
"994","E7002022",7002
"995","E7002023",7002
"996","E7002024",7002
"997","E7002025",7002
"998","E7002026",7002
"999","E7002027",7002
"1000","E7002028",7002
"1001","E7002029",7002
"1002","E7002030",7002
"1003","E7002031",7002
"1004","E7002032",7002
"1005","E7002033",7002
"1006","E7002034",7002
"1007","E7002035",7002
"1008","E7002036",7002
"1009","E7002037",7002
"1010","E7002038",7002
"1011","E7002039",7002
"1012","E7002040",7002
"1013","E7002041",7002
"1014","E7002042",7002
"1015","E7002043",7002
"1016","E7002044",7002
"1017","E7002045",7002
"1018","E7003001",7003
"1019","E7003002",7003
"1020","E7003003",7003
"1021","E7004001",7004
"1022","E7004002",7004
"1023","E7004003",7004
"1024","E7004004",7004
"1025","E7004005",7004
"1026","E7004006",7004
"1027","E7004007",7004
"1028","E7004008",7004
"1029","E7004009",7004
"1030","E7005001",7005
"1031","E7005002",7005
"1032","E7005003",7005
"1033","E7005004",7005
"1034","E7005005",7005
"1035","E7005006",7005
"1036","E7005007",7005
"1037","E7005008",7005
"1038","E7005009",7005
"1039","E7006001",7006
"1040","E7006002",7006
"1041","E7006003",7006
"1042","E7006004",7006
"1043","E7006005",7006
"1044","E7006006",7006
"1045","E7006007",7006
"1046","E7006008",7006
"1047","E7006009",7006
"1048","E7007001",7007
"1049","E7007002",7007
"1050","E7007003",7007
"1051","E7007004",7007
"1052","E7007005",7007
"1053","E7007006",7007
"1054","E7007007",7007
"1055","E7007008",7007
"1056","E7007009",7007
"1057","E7007010",7007
"1058","E7007011",7007
"1059","E7007012",7007
"1060","E7007013",7007
"1061","E7007014",7007
"1062","E7007015",7007
"1063","E7007016",7007
"1064","E7007017",7007
"1065","E7007018",7007
"1066","E7007019",7007
"1067","E7009001",7009
"1068","E7009002",7009
"1069","E7009003",7009
"1070","E7009004",7009
"1071","E7009005",7009
"1072","E7009006",7009
"1073","E7009007",7009
"1074","E7009008",7009
"1075","E7009009",7009
"1076","E7009010",7009
"1077","E7009011",7009
"1078","E7009012",7009
"1079","E7009013",7009
"1080","E7010001",7010
"1081","E7011001",7011
"1082","E7011002",7011
"1083","E7011003",7011
"1084","E7011004",7011
"1085","E7011005",7011
"1086","E7011006",7011
"1087","E7011007",7011
"1088","E7011008",7011
"1089","E7011009",7011
"1090","E7011010",7011
"1091","E7011011",7011
"1092","E7011012",7011
"1093","E7011013",7011
"1094","E7011014",7011
"1095","E7011015",7011
"1096","E7011016",7011
"1097","E7011018",7011
"1098","E7011019",7011
"1099","E7011020",7011
"1100","E7011021",7011
"1101","E7011022",7011
"1102","E7011023",7011
"1103","E7012001",7012
"1104","E7012002",7012
"1105","E7012003",7012
"1106","E7012004",7012
"1107","E7012005",7012
"1108","E7012006",7012
"1109","E7012007",7012
"1110","E7012009",7012
"1111","E7012010",7012
"1112","E7013001",7013
"1113","E7013002",7013
"1114","E7013003",7013
"1115","E7013004",7013
"1116","E7013005",7013
"1117","E7013006",7013
"1118","E7013007",7013
"1119","E7013008",7013
"1120","E7013009",7013
"1121","E7013010",7013
"1122","E7013011",7013
"1123","E7013012",7013
"1124","E7013013",7013
"1125","E7013014",7013
"1126","E7013015",7013
"1127","E7013016",7013
"1128","E7013017",7013
"1129","E7013018",7013
"1130","E7013019",7013
"1131","E7013020",7013
"1132","E7013021",7013
"1133","E7013022",7013
"1134","E7013023",7013
"1135","E7013024",7013
"1136","E7013025",7013
"1137","E7013026",7013
"1138","E7013027",7013
"1139","E7013028",7013
"1140","E7013029",7013
"1141","E7014001",7014
"1142","E7014002",7014
"1143","E7014003",7014
"1144","E7014004",7014
"1145","E7014005",7014
"1146","E7014006",7014
"1147","E7015001",7015
"1148","E7015002",7015
"1149","E7015003",7015
"1150","E7015004",7015
"1151","E7015005",7015
"1152","E7015006",7015
"1153","E7015007",7015
"1154","E7015008",7015
"1155","E7015009",7015
"1156","E7015010",7015
"1157","E7015011",7015
"1158","E7015012",7015
"1159","E7015013",7015
"1160","E7015014",7015
"1161","E7015015",7015
"1162","E7015016",7015
"1163","E7015017",7015
"1164","E7015018",7015
"1165","E7015019",7015
"1166","E7015020",7015
"1167","E7015021",7015
"1168","E7016001",7016
"1169","E7016002",7016
"1170","E7016003",7016
"1171","E7016004",7016
"1172","E7016005",7016
"1173","E7016006",7016
"1174","E7016007",7016
"1175","E7017001",7017
"1176","E7018001",7018
"1177","E7018002",7018
"1178","E7018003",7018
"1179","E7018004",7018
"1180","E7019001",7019
"1181","E7019002",7019
"1182","E7019003",7019
"1183","E7019004",7019
"1184","E7019005",7019
"1185","E7019006",7019
"1186","E7019007",7019
"1187","E7019008",7019
